product_id,category,brand,cost_price,selling_price,inventory,competitor_price,previous_sales,customer_rating,discount,seasonality,promotion,day_of_week,demand
39,Electronics,BrandA,26134,25975,79,5375,22,2.71,22.06,1,1,2,58
29,Electronics,BrandC,9668,15601,281,42550,63,4.67,2.4,1,0,3,132
15,Sports,BrandE,21461,38913,137,13709,90,3.75,10.78,0,0,4,69
43,Sports,BrandE,44596,34848,63,28543,97,3.24,25.75,0,1,6,89
8,Beauty,BrandA,46587,43333,186,30493,75,3.16,6.98,1,0,4,62
21,Home,BrandB,24352,23618,68,40216,74,3.58,3.47,0,1,0,92
39,Electronics,BrandD,33610,47394,264,39571,25,5.0,9.78,1,0,6,67
19,Home,BrandB,32674,20240,197,18557,48,3.05,6.61,0,1,6,58
23,Home,BrandB,34715,12280,147,20327,43,2.76,27.76,0,1,4,101
11,Sports,BrandA,27455,54159,108,19265,38,3.96,26.04,0,1,2,55
11,Beauty,BrandA,7081,39102,218,26725,41,3.72,14.99,0,0,0,51
24,Fashion,BrandA,45119,58427,246,52948,45,3.81,1.84,0,1,2,67
36,Beauty,BrandA,6817,39278,213,56498,88,4.17,21.44,1,0,0,97
40,Beauty,BrandE,43356,25617,97,28532,40,3.17,18.7,0,0,4,79
24,Home,BrandA,46214,23018,146,44816,97,4.78,29.12,0,0,0,131
3,Beauty,BrandE,27149,10879,116,10482,17,3.59,16.77,1,0,1,42
22,Electronics,BrandE,23632,12951,63,39350,88,2.82,10.09,1,0,6,143
2,Home,BrandA,17289,46599,47,23066,57,4.36,15.57,1,1,3,80
24,Electronics,BrandC,15067,20193,211,29257,2,4.11,29.38,0,0,4,70
44,Fashion,BrandD,15368,21166,272,6498,96,3.29,20.89,0,1,5,85
30,Home,BrandB,24870,30906,122,10327,62,4.05,20.16,1,1,3,84
38,Fashion,BrandE,43033,46175,24,41883,88,3.05,7.22,1,0,4,79
2,Home,BrandD,30983,20324,226,58263,9,3.61,22.31,1,1,3,132
21,Sports,BrandC,12966,27264,170,13166,68,4.75,22.51,1,1,1,92
33,Beauty,BrandB,29303,23112,135,43314,81,2.83,9.52,0,0,3,107
12,Sports,BrandB,18730,28690,160,13420,17,3.47,14.51,0,1,0,31
22,Fashion,BrandE,18362,51701,188,58308,50,4.55,8.84,0,0,3,71
44,Beauty,BrandA,43855,58349,94,42613,94,4.92,7.76,0,0,4,80
25,Home,BrandC,31759,36217,98,37992,40,3.63,0.78,0,0,5,56
49,Beauty,BrandE,34039,13856,17,7259,58,3.77,8.56,1,1,5,64
27,Electronics,BrandC,22409,23764,297,41088,75,3.93,16.62,0,1,2,98
42,Beauty,BrandA,31295,26411,234,19858,85,4.83,0.05,1,1,6,93
28,Electronics,BrandA,49568,30806,296,31616,21,4.65,8.5,1,1,3,78
16,Beauty,BrandE,9270,17289,30,22757,18,2.93,26.44,1,0,5,84
15,Electronics,BrandA,11593,24436,79,36592,55,3.59,17.81,0,0,3,72
47,Fashion,BrandD,47071,21675,154,42139,29,3.66,18.24,1,1,6,116
44,Sports,BrandB,693,36918,152,12406,24,4.47,12.1,0,0,5,55
3,Home,BrandE,35275,7914,12,51205,74,4.01,20.29,1,1,6,265
37,Beauty,BrandC,18069,31281,33,12770,17,4.14,5.7,0,0,3,17
7,Sports,BrandD,11690,20895,213,58933,18,5.0,24.56,1,0,4,129
21,Home,BrandE,43252,45282,132,53706,42,2.69,3.5,0,0,3,49
9,Home,BrandA,32827,27827,120,41602,84,3.06,19.68,1,0,6,107
39,Electronics,BrandA,42570,5841,148,1624,45,3.52,10.23,1,0,4,40
18,Fashion,BrandA,20889,29584,239,52022,82,3.37,22.43,1,1,4,139
4,Fashion,BrandA,40697,25585,11,27178,17,2.55,16.49,1,1,2,56
25,Sports,BrandC,2761,3408,49,6206,73,2.73,13.57,0,0,5,76
14,Fashion,BrandD,28869,19075,243,47118,14,4.2,5.08,0,1,0,109
50,Beauty,BrandB,27012,15788,159,35863,49,4.7,19.1,0,0,4,95
9,Fashion,BrandC,7216,58315,185,25304,29,3.79,29.24,1,0,6,58
26,Sports,BrandC,21759,45302,219,16010,95,3.85,24.77,1,0,5,109
2,Fashion,BrandB,29433,45746,92,8926,4,3.14,1.8,1,0,1,14
20,Beauty,BrandB,42189,10714,260,12481,82,4.42,11.29,1,1,3,99
28,Electronics,BrandA,4878,3973,77,6215,20,4.38,27.77,1,0,6,93
47,Sports,BrandC,41083,47835,183,52522,47,3.97,15.09,1,1,1,90
7,Electronics,BrandE,47046,38006,216,36833,9,3.03,19.86,0,0,6,45
44,Electronics,BrandB,20335,31581,297,17672,77,2.74,27.38,0,0,3,71
8,Electronics,BrandB,29533,32186,238,32792,79,2.66,26.21,0,1,2,82
47,Home,BrandD,24500,13241,243,12110,27,3.98,15.05,0,0,6,67
35,Home,BrandE,45996,9412,227,20222,15,4.56,13.13,0,0,4,90
14,Electronics,BrandE,10832,9868,123,9795,92,4.65,10.19,0,1,0,104
17,Sports,BrandB,43104,53574,268,23747,19,3.66,21.57,0,1,4,45
36,Beauty,BrandA,3300,4251,211,21170,90,4.46,8.61,0,1,3,225
50,Beauty,BrandD,30038,12997,99,43829,52,4.87,7.5,1,0,6,147
40,Fashion,BrandE,30619,44433,226,9231,26,3.19,10.69,1,0,0,34
4,Sports,BrandB,8833,27828,280,37738,89,3.49,5.32,1,1,4,97
2,Home,BrandE,5910,3532,235,23103,26,4.83,20.85,1,1,0,247
6,Electronics,BrandD,18339,29183,123,43374,26,3.35,18.49,1,0,3,83
42,Fashion,BrandD,31019,22763,272,29822,46,4.78,14.49,1,0,2,86
4,Beauty,BrandC,6308,23663,277,17640,92,4.95,11.71,1,1,2,98
29,Home,BrandB,7296,14122,68,30531,49,4.15,27.27,0,1,6,119
18,Home,BrandD,21680,33620,15,57874,82,4.54,0.87,0,1,4,113
26,Electronics,BrandC,43556,55606,102,11979,96,4.37,23.07,1,1,1,90
44,Beauty,BrandC,18209,11856,75,38920,53,4.25,27.06,0,0,3,147
34,Sports,BrandE,18043,11808,62,53419,3,3.27,13.39,0,0,4,144
10,Home,BrandE,37918,32545,294,53751,66,2.64,16.52,0,0,4,68
36,Electronics,BrandC,29575,3500,255,7177,97,3.36,28.33,0,0,2,113
14,Sports,BrandE,38255,38778,280,57352,42,4.17,6.37,0,1,6,86
31,Beauty,BrandD,48468,43412,54,18100,19,2.76,15.6,1,0,0,30
48,Home,BrandA,37965,3310,220,7170,17,2.53,14.24,0,1,3,95
15,Sports,BrandD,31002,12767,56,2762,33,2.85,7.75,1,0,0,38
8,Sports,BrandC,17224,34572,275,42498,76,4.29,24.56,1,0,5,111
14,Sports,BrandC,4328,11428,88,59681,49,4.93,26.99,1,0,5,234
23,Home,BrandD,17587,30266,297,54173,56,4.96,23.46,0,1,3,119
40,Home,BrandE,13105,30483,130,20580,63,3.73,5.86,1,0,6,68
21,Fashion,BrandE,31837,57213,76,35281,3,4.67,2.6,1,1,1,47
16,Beauty,BrandC,5982,21283,240,45139,49,4.34,18.16,1,1,5,147
45,Electronics,BrandB,27505,20938,60,56108,55,3.75,1.71,1,0,2,132
18,Sports,BrandE,23260,7963,114,15008,26,3.93,20.18,0,1,1,98
47,Fashion,BrandD,5963,2614,196,26727,99,2.84,15.91,1,0,4,370
24,Electronics,BrandE,47128,24449,97,31420,72,4.84,19.88,1,1,5,128
26,Fashion,BrandD,5412,20156,60,35781,52,3.38,17.71,1,0,2,97
25,Home,BrandC,5148,26282,64,10406,7,3.62,12.68,1,1,4,41
45,Sports,BrandE,34123,1106,142,51083,46,4.18,6.03,0,1,1,1434
41,Electronics,BrandD,36134,14389,43,10537,46,3.33,9.17,1,0,3,57
29,Electronics,BrandC,45102,33634,32,39299,16,3.14,15.74,1,0,4,61
15,Electronics,BrandB,49562,33976,53,52851,24,4.08,19.56,1,0,0,79
45,Electronics,BrandD,49834,51513,129,53292,61,2.56,23.38,1,0,3,64
1,Electronics,BrandB,3612,37132,17,37524,54,4.3,23.02,1,1,3,101
25,Fashion,BrandB,22554,20573,40,33773,62,3.79,29.18,1,1,1,130
7,Sports,BrandA,4992,13750,105,47815,1,4.01,8.58,0,1,1,124
9,Home,BrandE,22707,1380,286,32788,49,4.08,2.13,1,1,2,773
24,Home,BrandD,15614,19608,90,28812,25,3.82,10.37,0,0,2,59
1,Home,BrandB,34785,19204,8,26999,10,3.96,22.3,0,1,0,70
44,Home,BrandA,16518,22344,227,35157,80,4.21,13.14,1,0,3,107
8,Fashion,BrandC,21886,37825,170,59561,16,4.38,24.53,0,1,6,90
24,Beauty,BrandD,18240,2063,282,30763,58,4.32,16.48,1,0,0,507
11,Sports,BrandB,44699,42991,134,4617,72,4.67,27.89,0,0,0,59
17,Electronics,BrandE,8710,35760,35,56932,29,2.97,28.44,1,0,6,98
8,Beauty,BrandA,44863,2238,15,58463,92,3.5,2.08,0,0,6,840
35,Home,BrandB,46139,36876,100,3636,6,4.87,13.69,0,0,6,25
35,Beauty,BrandE,13243,57594,194,37330,16,3.49,18.29,1,1,1,71
33,Sports,BrandB,42592,42220,196,15206,20,2.81,7.68,0,0,0,10
5,Electronics,BrandD,44799,26375,270,29505,80,3.81,12.21,0,1,0,100
42,Electronics,BrandD,7088,18987,132,15018,71,2.77,20.33,0,1,4,84
39,Sports,BrandD,3811,874,242,48768,78,3.01,6.8,0,0,6,1715
41,Sports,BrandA,22932,27432,116,26726,43,5.0,18.06,0,1,6,85
28,Home,BrandD,34255,35698,149,28372,26,3.85,20.92,1,1,2,51
7,Electronics,BrandE,3821,37755,69,39117,90,3.21,2.71,0,1,2,76
9,Beauty,BrandB,16312,54012,251,53113,78,4.99,14.93,0,0,3,81
8,Fashion,BrandC,37883,12812,227,59208,71,4.92,7.89,1,0,2,188
12,Fashion,BrandE,48780,40574,110,59913,33,3.6,21.73,1,0,5,86
34,Sports,BrandE,13646,10389,185,51671,26,3.15,5.69,1,0,3,167
33,Home,BrandD,14154,45514,188,27981,45,4.6,26.77,0,1,6,72
48,Fashion,BrandA,36320,20255,230,49142,84,4.29,12.93,0,1,4,129
23,Electronics,BrandB,1226,51419,269,28791,63,4.22,5.94,0,1,2,60
24,Sports,BrandA,4260,34619,282,51194,67,4.73,13.14,0,1,4,114
37,Beauty,BrandB,22690,8319,93,39028,52,4.22,12.26,1,1,2,194
35,Sports,BrandB,2375,6733,180,48919,68,3.21,12.87,1,1,2,272
44,Beauty,BrandA,23877,42028,22,19310,26,4.23,17.57,0,0,4,40
40,Sports,BrandE,47237,5646,110,1779,75,3.26,15.64,0,1,0,67
22,Sports,BrandB,4533,25318,275,30550,2,4.4,4.49,0,1,0,62
27,Sports,BrandA,38711,35375,171,47451,14,4.05,1.97,0,1,0,38
35,Beauty,BrandB,17873,36958,17,21290,30,2.69,21.88,1,0,5,58
1,Beauty,BrandC,4244,19619,36,56132,49,3.78,16.79,1,1,0,155
35,Sports,BrandE,25495,4873,44,31651,12,3.36,10.77,0,1,2,209
37,Fashion,BrandD,17477,44533,152,16027,90,3.32,24.25,1,0,6,69
47,Home,BrandB,32902,27100,222,13455,44,4.01,11.64,0,1,1,54
14,Home,BrandC,35042,51145,223,7935,33,3.31,23.88,0,0,4,29
3,Home,BrandD,11151,5469,86,17897,13,4.44,9.17,1,0,6,129
1,Beauty,BrandD,34203,38264,212,22173,78,2.68,2.19,0,1,1,42
5,Beauty,BrandB,13895,46514,205,2731,88,4.15,27.98,1,1,6,80
26,Fashion,BrandA,30308,14911,42,41982,98,4.52,11.84,0,0,5,157
14,Home,BrandB,37076,23955,215,42563,26,4.18,23.78,1,1,1,102
39,Home,BrandC,17215,28662,253,59585,21,3.74,8.37,0,1,3,100
27,Sports,BrandD,44909,20056,231,14987,28,4.88,19.39,1,0,0,72
9,Beauty,BrandB,24806,21006,52,39379,48,3.25,26.2,0,0,5,80
15,Home,BrandA,19586,5697,22,45163,40,2.55,1.25,0,1,6,264
15,Fashion,BrandB,14876,56884,299,32930,66,3.58,24.92,1,0,2,75
26,Fashion,BrandE,6389,18076,200,19737,73,2.58,17.14,0,1,0,78
42,Home,BrandA,38322,41580,191,27752,87,4.88,18.22,1,1,0,107
13,Beauty,BrandC,37136,38755,228,4040,79,3.02,15.69,1,1,1,71
32,Fashion,BrandD,21084,11278,233,41344,77,4.47,26.23,0,1,3,189
39,Sports,BrandB,49853,19324,81,49364,23,4.44,1.3,0,0,0,103
49,Fashion,BrandA,35110,51328,192,45903,81,3.04,7.83,0,1,6,79
32,Electronics,BrandE,10558,39894,274,1841,48,4.05,26.27,0,0,6,35
4,Electronics,BrandA,9601,45067,99,26125,2,2.62,22.57,1,1,4,46
30,Beauty,BrandE,12997,1089,136,58410,84,3.71,0.53,0,1,4,1683
37,Home,BrandC,5158,34467,43,19981,20,2.54,15.51,0,0,0,35
23,Beauty,BrandD,11881,46280,76,42749,59,4.8,15.89,0,1,1,106
39,Beauty,BrandC,40812,49067,285,21125,46,4.94,12.03,1,0,1,74
45,Beauty,BrandB,40986,2555,164,35506,3,3.06,8.92,0,0,2,422
15,Beauty,BrandA,47119,41593,191,32813,55,3.02,20.45,1,1,5,83
43,Sports,BrandE,17654,14494,195,4970,12,4.38,6.23,0,1,5,37
29,Sports,BrandE,20039,58702,124,43514,40,3.13,23.97,1,1,5,63
36,Fashion,BrandA,12277,36231,224,5383,66,4.74,24.09,0,1,3,73
13,Electronics,BrandA,34896,53515,57,50346,78,3.93,12.46,0,0,1,84
32,Beauty,BrandB,30873,5686,226,40584,16,3.38,8.51,1,1,2,242
7,Fashion,BrandC,33654,32998,135,30509,83,4.58,8.52,0,1,4,94
22,Electronics,BrandE,6531,2181,241,35252,34,3.73,14.47,0,1,6,530
28,Home,BrandB,28497,57108,250,53362,44,4.78,21.59,0,1,5,78
2,Sports,BrandC,6939,4431,230,4486,6,4.82,10.77,1,1,4,69
42,Electronics,BrandB,23285,57114,212,22350,77,2.91,18.3,0,0,4,46
45,Home,BrandE,13892,17535,100,29406,64,2.51,11.47,1,1,0,94
6,Electronics,BrandA,29169,28498,204,9890,22,4.96,9.14,1,0,3,37
28,Sports,BrandA,29439,26813,251,38896,18,4.77,0.75,1,1,2,75
28,Sports,BrandC,2782,20177,76,40149,12,2.64,0.12,0,1,3,80
44,Fashion,BrandD,35124,17966,189,40361,52,4.58,6.82,1,1,0,118
44,Beauty,BrandC,48938,21492,10,30409,94,3.64,12.19,1,0,2,105
20,Electronics,BrandD,24864,21152,210,46129,51,3.15,25.54,0,1,2,112
30,Electronics,BrandB,2498,44226,36,15592,71,4.7,23.95,1,0,1,89
11,Home,BrandB,32205,53129,103,10343,96,2.99,8.01,1,0,3,70
28,Sports,BrandE,38744,49779,260,10643,48,4.87,7.34,0,1,3,62
25,Electronics,BrandD,9928,42034,191,43940,19,3.01,6.82,0,0,1,42
39,Sports,BrandE,37937,12589,80,46460,6,4.03,10.18,1,1,4,144
33,Electronics,BrandA,12836,25035,181,21742,84,3.06,14.95,0,1,0,73
1,Fashion,BrandD,9842,11954,291,56934,27,3.86,13.16,0,0,3,182
27,Beauty,BrandC,40332,21774,259,44594,53,4.21,6.55,0,1,1,100
13,Electronics,BrandA,7946,12142,194,7569,48,2.98,3.91,1,1,6,65
41,Sports,BrandA,38892,46989,131,57459,7,3.8,0.38,1,0,2,59
3,Fashion,BrandC,7961,54447,291,41137,59,3.67,4.62,0,0,5,48
39,Electronics,BrandA,35087,38027,258,45006,69,2.68,21.16,1,0,6,93
6,Home,BrandD,11016,16899,217,43533,11,4.55,7.31,0,0,1,101
8,Beauty,BrandE,14249,7991,254,56071,15,3.34,14.06,0,0,5,239
27,Electronics,BrandA,18014,41628,88,21618,64,3.94,17.74,0,0,4,56
9,Fashion,BrandD,35926,812,17,29079,3,3.79,26.61,0,1,0,1099
37,Home,BrandB,36768,22215,49,55831,69,3.78,26.67,0,0,5,124
33,Fashion,BrandD,25450,20281,131,43639,23,2.77,22.37,1,0,4,97
42,Fashion,BrandE,35388,49392,118,25974,53,3.56,1.05,1,1,5,61
44,Home,BrandD,37288,27200,280,18396,37,3.63,17.25,1,1,2,69
24,Fashion,BrandC,10713,32726,209,3662,9,4.33,23.6,1,0,2,26
15,Home,BrandE,36527,17223,277,14551,15,4.6,0.52,0,0,2,43
32,Electronics,BrandB,28511,2124,62,52790,3,3.86,16.49,0,1,2,789
32,Home,BrandC,43349,52801,223,46447,93,2.72,25.73,1,0,1,94
24,Home,BrandD,35091,20252,113,53049,70,3.09,14.22,1,0,2,131
41,Beauty,BrandE,18358,58560,283,5996,17,2.91,0.12,0,1,6,21
49,Home,BrandB,19126,11508,178,57056,26,2.81,0.33,0,0,2,156
49,Home,BrandC,13967,39511,268,15445,21,3.41,12.5,0,1,6,48
12,Electronics,BrandB,40258,7689,115,6430,72,3.07,4.65,1,0,1,69
39,Beauty,BrandD,3634,24320,191,14621,21,3.05,19.93,0,1,2,47
2,Sports,BrandB,17243,39729,273,33594,11,2.64,21.26,0,1,4,44
3,Electronics,BrandA,15934,1587,233,6302,38,2.54,5.34,1,1,4,151
49,Electronics,BrandC,48275,32502,160,18275,72,2.76,26.66,1,0,3,75
37,Sports,BrandB,10733,20188,193,19723,88,2.93,13.26,1,1,4,92
49,Home,BrandD,49646,30713,276,46049,35,3.58,4.29,0,0,0,65
17,Fashion,BrandD,1641,49901,6,16697,14,3.78,22.93,0,1,0,50
49,Beauty,BrandB,18519,53803,250,18450,14,2.85,23.7,1,1,0,57
2,Fashion,BrandD,20884,53412,214,42679,10,3.56,19.18,0,1,1,65
2,Sports,BrandE,43403,17102,290,23537,12,3.35,25.6,0,0,4,65
28,Electronics,BrandE,46234,21905,17,15697,38,2.96,22.12,0,0,6,40
23,Electronics,BrandE,36629,56192,100,40139,34,2.52,26.47,1,1,0,67
37,Beauty,BrandA,23467,57910,225,23767,41,3.67,13.02,1,0,3,51
32,Electronics,BrandB,41103,26749,242,45739,10,4.21,22.43,0,0,1,63
33,Electronics,BrandA,11672,12953,98,21623,17,3.07,29.99,0,0,3,87
1,Beauty,BrandD,16890,19690,273,9576,17,2.83,21.75,0,1,4,45
19,Beauty,BrandA,3767,8546,175,3587,67,4.72,3.43,0,0,2,56
2,Sports,BrandD,39832,25727,98,43122,62,3.19,15.55,1,1,3,119
44,Electronics,BrandD,26667,39900,153,37554,95,3.06,17.62,1,1,2,97
26,Electronics,BrandC,21812,46920,116,52113,1,4.64,5.23,0,1,1,62
32,Sports,BrandE,28340,46863,59,37648,12,4.54,28.89,0,0,3,58
6,Home,BrandD,19490,4465,120,3541,4,3.62,5.27,1,1,3,49
32,Home,BrandC,44679,52290,147,59811,42,3.72,5.33,0,0,5,51
4,Home,BrandE,6406,16650,205,29456,13,3.04,27.46,1,0,1,99
11,Sports,BrandD,49296,45970,184,6740,98,2.7,13.96,0,1,1,60
17,Electronics,BrandD,40879,10441,206,53412,85,3.93,1.9,1,1,0,222
38,Sports,BrandA,17797,23442,57,11004,86,2.75,17.95,0,1,4,56
24,Sports,BrandA,2511,25403,184,31041,4,3.62,18.05,0,0,3,61
5,Home,BrandE,44514,39409,141,5458,82,4.85,1.94,1,0,3,70
34,Fashion,BrandD,47058,57496,186,17710,69,4.88,29.18,1,1,6,95
6,Electronics,BrandB,12238,38323,5,32358,19,3.1,16.32,0,1,1,52
22,Home,BrandA,29297,23631,48,49702,2,4.06,16.79,0,0,1,83
11,Fashion,BrandE,47998,24280,231,38482,12,3.69,15.6,1,0,4,93
48,Fashion,BrandD,11620,55763,102,2075,81,4.69,18.32,1,1,1,68
16,Beauty,BrandD,9267,56333,212,34649,74,3.18,7.93,0,0,2,60
33,Electronics,BrandB,23352,15866,269,22792,98,2.51,8.62,0,0,2,77
9,Fashion,BrandE,14203,52613,292,1190,6,2.91,15.34,1,0,5,19
6,Home,BrandD,1429,54308,275,4429,8,3.37,24.2,1,0,2,30
16,Beauty,BrandA,12451,29940,144,6674,51,3.29,1.5,1,0,2,34
29,Electronics,BrandB,26539,26691,241,53386,11,4.48,18.1,1,0,4,95
3,Sports,BrandE,49113,56213,76,20380,63,4.2,24.2,1,1,3,75
20,Home,BrandB,30004,55545,159,19024,57,3.25,4.71,0,0,2,44
36,Fashion,BrandA,17938,39256,194,32034,12,3.64,0.45,0,1,5,27
19,Fashion,BrandE,49015,33669,272,22098,73,2.74,9.38,1,1,1,78
26,Home,BrandB,6244,56012,111,35350,2,4.75,17.64,0,0,2,39
3,Fashion,BrandC,18784,11261,236,21992,8,4.84,4.15,0,1,5,77
19,Beauty,BrandA,42917,17601,46,36455,11,4.95,12.78,1,1,4,111
20,Electronics,BrandA,40248,41205,194,39053,53,4.67,16.57,0,1,6,72
32,Beauty,BrandA,7569,30720,143,3859,10,2.93,17.97,0,0,6,16
7,Fashion,BrandC,42859,26617,107,33326,85,2.62,8.23,0,1,6,74
41,Sports,BrandC,20299,2688,175,30051,84,3.95,12.0,1,0,1,398
33,Electronics,BrandD,33710,48909,277,37998,8,4.78,23.35,1,1,5,68
40,Electronics,BrandB,28726,45205,225,17765,36,2.94,28.24,0,1,2,52
39,Home,BrandD,5152,14956,217,22338,93,2.52,25.86,0,1,3,112
18,Home,BrandB,24823,53654,60,1773,76,4.51,16.93,0,1,1,61
40,Sports,BrandC,42638,22892,106,47211,14,2.69,12.31,0,0,1,69
1,Electronics,BrandC,8097,28930,196,19471,54,3.53,9.99,0,1,6,51
11,Sports,BrandD,47593,40630,204,36161,85,4.2,3.75,0,1,3,89
28,Home,BrandE,37726,46533,237,43030,86,3.09,3.2,1,0,6,88
25,Home,BrandD,7091,23325,231,30020,21,2.71,20.65,0,0,1,79
50,Electronics,BrandB,49614,32788,143,5040,50,4.43,7.79,0,0,2,40
23,Beauty,BrandD,26333,14814,153,35624,94,4.08,7.64,1,1,6,152
31,Fashion,BrandA,12326,41867,119,16884,39,4.97,29.95,0,0,6,49
30,Home,BrandB,26917,39101,67,41434,20,3.36,5.64,0,0,6,54
42,Home,BrandB,19193,6455,108,3280,88,2.65,4.44,0,0,1,56
35,Beauty,BrandE,14638,11525,160,40725,87,4.34,2.96,0,0,2,148
7,Beauty,BrandC,2669,23393,277,29667,7,3.8,17.39,1,0,3,75
16,Sports,BrandB,19056,4817,10,2859,9,3.03,18.84,0,0,0,29
26,Sports,BrandC,22552,25429,151,49640,1,4.45,10.96,1,1,3,92
48,Fashion,BrandD,6813,32882,188,14600,26,3.01,16.06,0,0,2,36
49,Fashion,BrandA,8815,29590,32,12140,38,3.15,23.65,0,1,4,47
2,Electronics,BrandE,8536,30040,42,15378,38,2.73,24.54,1,0,6,62
1,Sports,BrandC,32278,2218,123,47904,61,3.5,28.74,0,0,3,688
48,Home,BrandB,28234,31649,297,12721,44,3.55,24.73,1,0,4,52
12,Sports,BrandC,23673,23247,248,7472,86,3.79,16.95,1,1,4,77
5,Home,BrandB,30903,17046,72,2327,44,4.27,5.39,1,0,2,48
37,Beauty,BrandC,1285,3300,218,45132,74,4.77,2.99,0,0,2,449
32,Sports,BrandB,6639,46705,222,8919,62,2.84,1.64,0,0,6,17
9,Beauty,BrandD,6844,52047,181,24164,6,2.64,20.0,0,0,0,19
41,Fashion,BrandB,19300,29967,168,51837,17,2.55,24.23,0,1,5,81
35,Fashion,BrandB,25872,37022,62,30932,51,2.86,15.26,1,1,1,66
19,Electronics,BrandA,21038,27690,273,43181,38,4.14,1.64,0,1,3,71
48,Sports,BrandB,15473,16893,62,9188,24,4.32,16.06,0,1,2,73
16,Beauty,BrandA,6119,30809,292,35649,51,4.47,28.07,1,1,3,101
3,Home,BrandE,35204,19933,109,45062,10,3.11,17.93,1,0,5,89
20,Fashion,BrandA,37075,48721,232,52148,72,3.26,24.28,0,0,5,77
24,Fashion,BrandD,40419,16894,251,40632,21,3.71,24.0,1,0,6,107
33,Home,BrandA,42761,35210,192,19681,70,2.66,27.96,1,1,4,89
24,Beauty,BrandE,45623,2006,87,1601,85,4.03,23.11,1,0,6,101
11,Beauty,BrandD,28216,4549,190,23144,57,4.96,22.43,1,1,1,225
49,Sports,BrandC,3736,13060,256,42758,39,3.4,7.02,1,0,0,119
8,Sports,BrandC,16348,46236,242,18761,88,4.38,1.8,0,1,3,80
36,Electronics,BrandA,2852,57371,188,3581,33,3.75,15.53,0,0,1,28
38,Fashion,BrandA,2432,29931,288,30563,59,2.82,3.73,0,0,0,67
40,Sports,BrandE,11413,46500,214,46526,18,3.96,28.87,0,0,3,45
20,Beauty,BrandE,9056,37663,101,6322,56,3.25,8.7,0,0,1,35
35,Home,BrandB,21800,55030,212,57904,92,2.59,25.59,0,1,2,112
48,Beauty,BrandE,5998,52407,141,2078,57,4.09,11.63,0,0,3,36
25,Fashion,BrandB,11082,19389,188,18332,96,4.65,9.7,1,0,1,95
35,Beauty,BrandD,47133,29784,80,29011,76,3.36,28.05,0,0,5,85
25,Electronics,BrandA,10069,41087,291,6350,48,3.48,10.9,0,1,0,40
29,Fashion,BrandD,5357,9980,146,45901,42,4.73,11.71,0,0,1,172
18,Home,BrandE,840,3342,241,55931,27,4.53,3.18,1,0,2,530
46,Electronics,BrandD,44449,42837,29,42924,74,4.29,20.11,0,0,6,79
18,Fashion,BrandD,17266,14996,294,59951,52,3.12,8.67,0,0,3,155
2,Home,BrandD,26632,56261,71,7736,42,4.78,17.57,1,0,3,59
35,Electronics,BrandE,8991,16138,254,39955,32,2.89,17.74,0,1,3,110
16,Electronics,BrandD,638,49142,122,50910,26,4.07,21.58,0,1,2,81
41,Fashion,BrandB,858,38225,77,51900,25,2.57,22.36,1,1,0,80
36,Sports,BrandE,10214,3694,286,23199,75,4.11,15.43,0,0,3,231
33,Electronics,BrandD,20340,58603,14,37716,23,3.19,9.93,1,1,0,50
4,Electronics,BrandE,34895,48694,215,52328,98,3.62,25.12,0,0,1,95
33,Home,BrandC,31154,34739,156,5303,57,3.36,9.3,0,0,5,26
14,Beauty,BrandB,26379,2513,9,28473,52,2.93,15.23,0,0,5,365
21,Fashion,BrandD,16496,28191,199,20637,87,4.05,12.04,1,0,0,79
48,Fashion,BrandC,38272,58653,287,13332,93,4.7,25.65,1,1,0,116
20,Sports,BrandC,27262,19545,117,31307,31,4.9,12.96,1,1,5,81
8,Sports,BrandE,13783,53972,275,27037,64,2.98,11.58,0,1,3,57
7,Fashion,BrandC,39920,55976,167,920,71,4.29,20.69,0,0,4,67
3,Sports,BrandB,20054,41943,109,47694,33,4.16,18.07,1,1,4,90
17,Home,BrandB,20719,37864,185,5518,85,3.36,3.22,1,1,2,70
33,Fashion,BrandA,35419,42751,48,57044,2,2.55,15.25,0,0,6,44
48,Sports,BrandB,9929,14018,286,54475,18,4.22,22.06,0,1,5,153
12,Fashion,BrandC,47340,17900,179,8049,47,4.86,29.76,0,0,5,49
22,Beauty,BrandB,45195,57156,166,6318,33,4.08,18.87,0,1,2,50
22,Electronics,BrandE,40173,57183,144,28164,98,3.59,11.11,1,1,4,82
46,Fashion,BrandA,19718,782,136,43324,84,3.81,6.78,0,1,1,1711
30,Electronics,BrandC,12952,2620,91,57061,35,3.0,26.18,0,0,3,680
38,Sports,BrandA,49480,41285,180,38044,51,4.38,24.44,0,1,3,101
38,Electronics,BrandC,19451,12383,187,18955,18,4.37,7.02,0,1,1,96
45,Fashion,BrandE,1807,12036,133,24999,88,2.86,6.02,0,1,1,113
8,Beauty,BrandA,15352,16296,250,48675,72,4.69,21.45,0,1,4,155
27,Sports,BrandD,25732,2793,93,2162,30,3.17,9.45,0,0,2,30
27,Fashion,BrandC,35928,13605,70,55373,44,4.96,9.19,1,0,1,173
34,Sports,BrandD,43671,56923,162,16605,53,3.46,4.57,1,1,2,70
21,Home,BrandA,26985,25051,153,25620,10,2.94,7.92,1,1,6,55
30,Electronics,BrandD,10738,31681,120,16952,87,3.38,12.83,0,1,0,55
33,Home,BrandD,39475,9067,218,41704,52,3.6,21.99,1,0,3,193
28,Fashion,BrandA,1640,5985,298,41281,49,2.67,10.09,0,1,4,248
47,Beauty,BrandE,25342,44364,257,35536,11,3.95,9.86,0,1,3,38
33,Sports,BrandD,26921,38405,147,6453,66,3.99,8.55,0,0,4,45
5,Electronics,BrandD,2208,17453,254,40705,58,4.35,14.35,0,0,0,116
48,Sports,BrandE,4130,51670,29,14875,90,2.57,5.42,1,0,3,53
19,Fashion,BrandD,20095,19185,281,56868,36,3.85,14.57,0,1,0,123
4,Sports,BrandD,10985,13677,74,6891,33,2.63,21.13,0,0,4,46
35,Electronics,BrandD,28808,20574,117,18598,47,4.25,0.89,1,0,1,60
49,Fashion,BrandB,45289,51631,116,19682,13,2.64,0.29,1,1,6,19
17,Sports,BrandE,26586,8374,95,15322,40,4.78,2.25,1,0,3,77
44,Beauty,BrandD,17359,51216,22,1701,89,4.26,16.07,0,1,0,80
28,Fashion,BrandE,8184,57146,153,50885,68,3.77,25.63,1,1,5,105
30,Fashion,BrandC,26052,29738,231,48345,42,3.6,0.15,0,0,3,67
29,Beauty,BrandC,1707,30015,218,43700,19,2.83,28.1,0,1,3,76
46,Home,BrandD,46599,4376,155,23983,82,3.23,3.19,1,0,3,205
6,Electronics,BrandE,2460,3126,196,58317,94,4.67,25.26,1,0,2,631
35,Home,BrandE,1057,58116,44,22135,19,4.76,14.49,1,0,0,46
41,Sports,BrandE,30189,25173,246,27923,58,2.5,19.78,0,1,0,60
37,Beauty,BrandB,49151,3662,142,59823,23,3.99,15.32,0,0,3,509
24,Home,BrandC,14393,30643,184,37944,54,4.3,14.31,0,1,1,87
29,Fashion,BrandE,32772,1559,204,30724,80,4.05,25.05,0,1,3,667
49,Sports,BrandE,1382,45516,207,50330,65,2.7,22.68,0,1,2,84
46,Sports,BrandB,38029,4838,65,31434,12,3.04,14.5,0,0,4,213
31,Home,BrandB,39135,35892,196,1215,24,3.13,3.35,1,1,2,42
35,Home,BrandE,30035,26340,9,45946,34,4.58,3.46,0,1,1,98
33,Beauty,BrandA,13369,11109,241,1891,53,3.66,24.05,1,0,3,61
21,Electronics,BrandE,7666,4717,185,32964,8,3.72,15.88,1,0,0,236
32,Home,BrandE,13482,11151,41,44328,18,4.84,14.45,1,1,6,162
23,Home,BrandB,41197,29027,60,46916,57,4.09,20.42,1,1,5,121
33,Fashion,BrandB,38615,10978,241,6997,5,4.75,25.77,1,0,3,73
3,Sports,BrandE,7769,25644,201,59455,26,3.64,18.87,0,1,1,110
18,Electronics,BrandE,28564,44464,77,28556,30,2.87,22.89,0,1,0,71
25,Fashion,BrandE,14027,58194,63,50123,54,4.82,22.96,0,1,2,77
42,Beauty,BrandB,2954,1834,244,9034,13,3.65,10.69,0,1,4,164
31,Beauty,BrandE,21378,30831,6,24862,83,2.95,8.22,1,0,4,79
3,Home,BrandE,13491,55018,192,6708,29,3.26,24.03,1,1,6,56
40,Home,BrandD,3308,38587,34,8687,3,2.63,11.32,1,0,3,29
46,Beauty,BrandA,39910,39162,271,31666,90,3.67,27.1,0,1,2,98
24,Home,BrandC,37093,23220,112,4032,58,4.63,2.09,0,0,6,33
50,Electronics,BrandA,36804,22569,94,1487,76,4.83,1.75,0,1,5,57
32,Home,BrandD,30886,37632,209,39690,2,4.83,27.81,0,0,5,51
47,Sports,BrandC,48577,52198,224,10573,75,2.81,19.45,1,1,6,61
22,Home,BrandE,4302,5739,98,17706,28,3.46,11.39,1,0,1,130
23,Fashion,BrandD,29253,21981,107,20925,82,2.57,22.65,0,1,4,93
2,Electronics,BrandE,21583,48099,227,37144,77,4.64,20.17,0,1,2,96
27,Fashion,BrandB,18854,11142,190,36040,86,3.4,15.94,1,0,3,142
42,Fashion,BrandD,22690,8952,188,40383,76,4.08,2.97,1,0,0,182
2,Sports,BrandB,6642,54893,166,5733,2,4.29,24.37,1,0,3,28
26,Electronics,BrandD,28898,28286,251,8488,7,3.57,25.98,1,0,3,51
17,Electronics,BrandD,42362,53753,35,16389,26,3.27,5.17,0,0,2,16
40,Electronics,BrandB,33632,51189,56,44920,90,4.91,25.52,1,1,4,110
33,Electronics,BrandC,20003,18268,80,22298,88,4.91,26.34,1,0,2,117
9,Electronics,BrandA,48956,21510,282,38180,76,3.22,16.48,1,0,0,101
43,Sports,BrandE,35131,2251,44,30403,16,3.7,19.69,1,1,6,462
48,Home,BrandD,16999,13325,105,766,23,4.93,11.47,0,0,2,25
39,Fashion,BrandE,40352,35097,115,49323,40,2.51,8.45,0,0,1,46
29,Electronics,BrandB,8516,59371,253,45946,60,3.53,21.66,0,0,3,49
42,Home,BrandE,2884,51378,195,8233,73,2.75,25.86,0,1,4,62
26,Home,BrandB,15572,26949,186,15803,32,3.77,19.62,0,0,5,43
35,Fashion,BrandE,37203,2061,213,5316,15,2.56,15.35,0,1,0,87
50,Sports,BrandA,46395,26849,26,46745,13,3.52,4.77,1,1,5,92
25,Beauty,BrandA,14982,5070,170,50992,5,3.05,1.6,1,0,3,315
24,Beauty,BrandA,41010,5983,103,39198,75,3.83,13.37,1,1,2,263
13,Home,BrandA,49433,8310,212,44192,74,4.99,1.48,1,0,5,225
7,Fashion,BrandA,22326,44026,12,12472,52,4.5,17.08,0,0,1,57
36,Beauty,BrandA,2990,15624,194,24549,77,4.61,11.48,1,0,2,101
45,Home,BrandB,46592,48307,179,49736,41,4.09,22.72,0,0,3,62
20,Sports,BrandD,26018,45417,277,59231,53,2.6,9.17,1,0,5,78
1,Beauty,BrandE,24545,11326,21,54323,50,3.02,17.79,1,1,6,200
8,Home,BrandA,27410,35461,94,13640,15,4.81,16.13,1,1,0,63
46,Home,BrandB,25066,1569,145,53191,7,3.42,0.14,0,1,5,1023
16,Electronics,BrandB,34405,32252,149,17632,40,2.76,2.17,1,1,6,55
14,Sports,BrandB,27603,1714,170,30469,28,4.26,8.71,0,0,6,551
12,Electronics,BrandD,36688,10803,82,57527,32,3.25,26.47,0,0,5,191
23,Fashion,BrandE,6345,17686,266,25348,99,3.17,4.41,1,1,4,120
15,Electronics,BrandD,21662,45481,167,48111,15,4.99,21.33,0,0,5,60
28,Electronics,BrandC,37174,31171,18,33666,85,4.65,29.2,0,1,3,101
34,Beauty,BrandB,19837,34158,243,28477,70,3.52,23.72,1,1,6,87
2,Home,BrandC,22813,25769,76,59825,65,4.95,7.29,1,1,0,144
32,Sports,BrandA,27443,17573,147,33267,4,4.13,27.25,1,1,3,107
23,Electronics,BrandA,12913,23948,287,50423,11,4.36,2.79,1,0,1,84
22,Sports,BrandD,776,24324,273,17874,26,2.58,14.04,1,0,2,42
25,Electronics,BrandE,18111,44216,245,43298,61,2.8,26.63,1,1,5,96
22,Fashion,BrandC,39605,29761,249,59875,37,4.08,19.24,0,1,4,100
22,Electronics,BrandE,12444,24870,167,59899,23,4.75,12.41,1,1,0,125
49,Beauty,BrandD,16406,8724,64,14498,93,4.06,8.78,1,1,4,117
42,Home,BrandA,21036,17378,10,18258,85,2.84,11.25,0,1,4,76
6,Fashion,BrandE,28310,38956,201,44937,91,2.79,15.27,1,0,4,85
15,Electronics,BrandE,12806,21111,62,878,40,4.61,9.57,0,1,5,43
43,Sports,BrandA,11003,44503,221,52096,77,2.85,29.07,1,1,0,107
37,Fashion,BrandC,19725,19996,30,21170,23,3.8,27.99,1,0,0,77
33,Fashion,BrandA,37476,26993,9,17818,16,2.59,26.12,0,0,6,9
8,Electronics,BrandE,12090,27872,24,23316,94,2.7,12.65,1,0,4,73
44,Fashion,BrandC,11386,21828,202,1498,61,4.18,20.74,0,0,6,46
44,Sports,BrandC,13366,18957,63,8301,68,4.22,27.08,1,0,6,91
5,Fashion,BrandA,1588,13555,246,26063,80,3.35,25.51,1,0,2,112
39,Sports,BrandE,3863,20342,150,3495,31,3.04,12.43,0,0,5,25
4,Electronics,BrandD,33292,36285,277,32626,53,4.53,3.37,1,0,5,82
6,Home,BrandE,10264,58488,253,45964,25,3.04,2.27,1,0,3,30
45,Fashion,BrandB,21120,20725,18,38056,44,3.86,17.31,0,1,6,105
32,Home,BrandD,43227,5158,17,7997,12,4.92,19.28,1,0,5,80
30,Sports,BrandC,13435,6007,48,3784,90,2.87,25.5,0,1,4,81
47,Fashion,BrandD,8568,42401,23,31029,97,4.85,8.78,1,1,1,97
35,Beauty,BrandC,7795,19125,67,11810,92,2.96,5.02,0,1,4,64
40,Home,BrandC,41660,50531,243,1431,9,3.92,11.37,1,1,0,59
16,Fashion,BrandD,11890,44127,104,1829,12,3.44,10.61,0,1,5,31
13,Home,BrandC,41716,28973,167,28722,69,4.91,3.97,0,1,5,94
50,Fashion,BrandC,20631,39206,126,2305,54,3.18,20.17,1,1,3,64
42,Electronics,BrandB,29718,6368,48,12670,54,3.5,15.26,1,1,6,103
30,Home,BrandE,10933,26634,149,44405,28,4.96,21.63,0,0,1,93
19,Beauty,BrandE,15538,47895,54,44830,56,3.84,10.58,1,1,5,93
17,Beauty,BrandB,28682,8397,69,29965,99,3.76,9.77,0,1,3,165
19,Sports,BrandD,12028,25117,292,33030,69,3.14,14.18,1,1,3,107
28,Fashion,BrandA,21781,17146,168,3633,98,4.25,26.32,1,1,1,103
26,Home,BrandA,49011,41297,145,15887,98,2.54,1.21,0,0,4,62
37,Sports,BrandA,9105,11451,132,26491,77,2.62,24.14,0,1,4,123
26,Home,BrandB,35282,46918,243,25600,58,4.0,11.07,1,0,4,55
23,Fashion,BrandB,1881,8052,191,5774,78,3.35,25.64,1,0,2,81
9,Beauty,BrandC,1598,14216,212,47505,75,4.88,24.07,1,1,6,196
12,Electronics,BrandA,20310,23999,224,27126,42,4.76,10.46,1,1,6,77
1,Beauty,BrandD,24822,32657,194,40567,38,4.28,20.82,1,0,4,69
1,Sports,BrandD,42369,29627,288,51342,68,4.55,4.79,0,1,1,106
47,Electronics,BrandA,33455,41794,241,1593,53,4.17,26.89,1,1,2,68
34,Sports,BrandA,45216,37112,198,34858,33,2.81,12.13,1,0,6,55
32,Fashion,BrandA,10707,54822,291,20473,71,4.41,13.67,0,0,4,67
48,Electronics,BrandB,22293,30193,263,4939,56,3.03,21.17,0,1,2,49
25,Sports,BrandB,2592,27411,250,21563,72,3.31,24.63,0,1,1,69
40,Fashion,BrandB,28720,8703,140,52115,51,4.55,7.09,1,1,4,253
45,Beauty,BrandE,19014,32407,284,4132,74,3.84,19.84,0,0,0,46
1,Fashion,BrandD,38510,3978,275,35839,43,4.65,11.76,0,1,5,310
16,Home,BrandD,9049,7996,175,54164,15,3.03,11.06,0,0,1,222
39,Fashion,BrandC,22531,26098,163,2215,38,4.02,20.7,0,0,3,35
5,Fashion,BrandB,5685,36542,205,32370,15,2.71,11.62,1,1,3,56
22,Home,BrandE,15771,13961,49,49374,5,4.11,10.38,1,0,1,133
29,Sports,BrandE,6276,11873,268,39794,93,4.41,25.08,1,1,3,198
3,Sports,BrandD,12949,31149,75,15305,83,3.96,3.04,0,1,6,66
12,Fashion,BrandB,24797,41780,107,56940,54,3.17,20.28,0,0,1,89
26,Home,BrandC,41091,57404,129,6286,51,2.58,7.46,0,1,0,18
16,Home,BrandB,16217,2337,290,36385,10,2.8,0.46,0,0,1,470
37,Beauty,BrandA,40623,32481,234,55583,12,4.06,5.0,0,0,4,57
22,Sports,BrandB,39733,14352,150,57538,4,4.84,18.2,0,1,4,168
29,Electronics,BrandA,46005,5803,201,49369,95,3.02,21.27,1,1,2,332
14,Sports,BrandA,46592,26200,225,31886,18,4.34,0.63,1,1,3,66
28,Sports,BrandC,10850,50496,64,27628,80,4.67,1.09,0,1,5,78
5,Beauty,BrandD,31122,35500,102,33428,36,3.8,27.08,1,0,3,84
47,Electronics,BrandB,35823,36229,175,18251,25,4.17,2.2,0,0,6,37
49,Beauty,BrandA,3451,48663,177,58154,87,4.54,26.83,0,0,1,95
30,Electronics,BrandB,18122,19152,155,22193,76,3.15,6.84,1,1,5,88
46,Fashion,BrandD,5227,50093,126,21411,98,3.24,22.2,0,0,5,71
5,Electronics,BrandD,38954,31874,112,55662,36,2.5,9.29,1,0,3,76
12,Beauty,BrandE,36969,36136,8,20739,67,4.91,25.76,0,1,5,95
16,Sports,BrandD,36048,48106,97,37261,9,4.79,21.01,0,1,5,48
26,Electronics,BrandC,24282,16654,10,10647,61,4.41,12.05,1,1,4,86
26,Electronics,BrandA,28954,17886,292,33035,53,2.7,2.29,0,0,0,70
48,Home,BrandE,2868,54911,110,16559,18,3.62,21.98,0,1,1,39
21,Sports,BrandC,16092,13056,150,23822,43,2.75,18.51,0,0,3,75
39,Fashion,BrandB,22673,33663,275,2277,35,2.54,0.09,1,0,4,16
36,Beauty,BrandA,33704,2887,100,42956,63,4.04,0.28,0,0,6,448
33,Fashion,BrandD,36096,12407,233,29050,98,4.9,24.26,0,0,6,137
30,Sports,BrandA,34824,35798,206,52072,78,4.76,7.78,0,0,2,86
37,Electronics,BrandB,46632,27635,216,42632,4,4.24,19.08,1,1,5,94
23,Electronics,BrandE,24364,21925,10,34498,93,2.74,13.63,1,0,5,95
10,Sports,BrandE,48329,4306,116,32598,41,3.19,25.9,1,1,3,282
5,Electronics,BrandE,31250,58320,110,16581,45,3.3,27.51,1,0,0,70
36,Electronics,BrandD,11076,33528,143,11485,50,4.41,29.9,1,0,0,80
34,Electronics,BrandC,17066,27189,100,7391,79,4.51,4.61,0,1,3,73
31,Beauty,BrandC,7690,15087,218,53844,28,3.46,25.89,1,0,3,144
10,Beauty,BrandA,23571,4627,295,17997,42,3.54,7.98,1,0,4,155
19,Home,BrandD,38833,6996,26,7058,80,2.61,17.72,0,1,6,81
32,Fashion,BrandE,15869,31144,197,52033,76,3.22,15.17,1,1,3,113
1,Sports,BrandE,24535,47090,154,20281,69,3.63,0.54,0,0,6,47
5,Sports,BrandB,2089,47593,251,55892,98,2.79,27.98,1,0,2,99
45,Sports,BrandB,25735,3291,271,2162,1,3.63,2.35,0,0,6,33
4,Home,BrandE,659,58610,255,16211,39,4.63,20.65,0,1,4,60
16,Beauty,BrandE,12645,45595,7,11270,96,3.95,23.55,1,0,5,86
24,Home,BrandD,15873,49216,80,49365,90,2.7,23.86,1,1,5,115
16,Sports,BrandC,32421,26847,91,45114,17,2.98,4.06,0,1,6,75
2,Fashion,BrandB,39823,39589,274,16174,91,3.69,13.43,0,0,5,52
49,Electronics,BrandC,16737,1900,229,7737,88,3.4,24.88,0,1,5,194
28,Beauty,BrandD,42471,16421,22,28829,35,3.4,9.08,0,0,1,80
32,Beauty,BrandE,8744,19938,117,42967,46,3.82,14.03,0,0,2,104
27,Home,BrandC,15243,11787,255,54846,42,3.96,8.18,0,1,4,170
20,Beauty,BrandE,32066,31516,237,14086,39,4.49,13.91,0,1,4,55
24,Sports,BrandE,46601,24108,283,59233,90,3.35,26.64,1,1,5,162
12,Sports,BrandA,46609,59280,206,55160,49,4.51,13.65,0,1,0,73
50,Home,BrandC,19191,40440,87,6921,62,3.35,16.68,1,1,4,63
35,Sports,BrandC,34496,836,129,24174,38,2.64,12.12,1,1,2,920
33,Fashion,BrandE,6090,18113,179,41237,23,3.89,13.8,0,0,3,90
33,Home,BrandD,6085,48814,73,50539,22,3.97,0.46,0,0,2,37
43,Fashion,BrandA,9727,19678,51,47824,4,4.84,8.51,1,0,5,93
37,Electronics,BrandE,28778,57058,260,21745,49,4.32,13.1,0,1,5,63
12,Fashion,BrandB,39314,1361,219,26483,59,4.79,19.01,0,1,1,635
3,Electronics,BrandB,12737,35940,34,51746,73,4.77,13.5,1,1,6,115
1,Electronics,BrandA,16149,27953,285,40857,68,4.01,10.13,1,0,4,97
33,Fashion,BrandD,38213,27584,241,5622,71,3.82,11.64,1,0,6,68
40,Home,BrandE,8427,33554,252,47107,87,3.89,7.27,0,1,6,106
10,Sports,BrandC,45909,11404,29,23406,2,4.95,27.73,0,1,4,101
43,Sports,BrandA,49266,39687,78,43471,49,4.43,15.65,1,1,4,104
44,Electronics,BrandD,46654,25227,210,53035,88,2.77,0.4,0,1,5,105
29,Electronics,BrandC,7516,17022,98,33179,95,4.45,0.58,1,0,4,107
13,Home,BrandB,14527,48217,131,53649,31,2.93,29.19,0,0,0,63
12,Beauty,BrandB,49188,7668,29,5878,40,3.62,6.64,1,0,0,67
31,Fashion,BrandC,24642,28218,120,30722,48,3.03,24.17,0,1,3,81
46,Electronics,BrandA,47020,52625,52,15940,51,4.22,1.75,1,0,4,47
2,Sports,BrandB,24045,47064,230,26920,43,4.69,27.63,0,1,1,91
50,Home,BrandE,32397,28586,270,37436,98,3.23,26.23,0,1,3,101
35,Fashion,BrandC,3667,2400,103,3416,55,2.71,17.13,1,1,5,85
23,Home,BrandC,45257,28946,15,17274,88,3.25,0.27,0,0,4,41
17,Fashion,BrandB,27417,36168,89,46979,49,4.18,7.73,0,0,0,74
26,Fashion,BrandA,23236,23899,218,18419,90,3.32,12.2,1,1,1,93
8,Electronics,BrandE,28490,45289,177,8881,80,3.2,13.8,0,0,3,61
29,Home,BrandA,14587,32815,213,46463,57,2.96,8.93,0,1,1,83
26,Home,BrandD,22940,51499,68,44766,77,3.74,0.99,0,1,4,70
10,Sports,BrandD,35705,55890,262,50230,15,3.19,17.7,1,1,2,65
26,Sports,BrandB,15775,55016,125,20913,27,4.33,15.72,1,0,1,52
34,Electronics,BrandB,5776,6220,58,7080,68,2.69,8.49,1,0,1,60
41,Electronics,BrandB,42127,44978,276,1315,80,4.16,1.14,1,1,5,85
7,Beauty,BrandD,41086,37155,245,52182,64,3.09,29.84,1,0,0,104
4,Sports,BrandA,37996,50448,247,51606,94,3.72,14.46,0,0,4,86
50,Fashion,BrandA,19508,21629,22,1163,30,3.22,22.68,0,0,1,34
45,Home,BrandB,6238,58528,191,32673,36,4.31,13.57,1,0,4,64
11,Electronics,BrandE,32902,42305,148,9858,67,4.86,1.3,0,1,0,58
29,Home,BrandA,6293,15655,266,21351,86,4.79,9.29,0,0,5,90
36,Home,BrandD,37791,44749,243,3858,86,3.96,9.6,0,1,4,67
25,Beauty,BrandC,6071,14617,80,20708,49,3.66,25.15,0,1,6,99
21,Sports,BrandC,31831,5457,192,46902,76,4.55,19.63,1,0,0,318
36,Electronics,BrandC,16709,13745,250,5638,55,4.21,8.26,1,1,0,81
10,Home,BrandE,48514,54236,134,38885,85,2.96,29.03,0,1,3,91
37,Electronics,BrandB,25894,42380,287,23088,56,4.55,9.65,0,0,5,62
9,Fashion,BrandD,43648,5433,83,9581,68,3.57,29.95,1,1,5,139
24,Beauty,BrandE,26182,31654,76,6303,95,2.97,29.88,0,1,6,79
35,Fashion,BrandD,2724,31835,267,35680,44,3.2,5.74,0,0,4,56
49,Electronics,BrandD,41657,7781,195,23204,31,3.17,9.38,0,0,2,113
35,Electronics,BrandB,49195,42158,67,55670,58,3.8,14.58,1,0,6,82
48,Sports,BrandC,44952,24201,16,17466,87,3.09,19.92,1,0,3,82
36,Home,BrandB,43908,21813,145,52108,53,2.81,15.84,0,0,5,102
18,Home,BrandE,32941,35141,258,29086,84,2.81,29.08,0,1,0,83
49,Fashion,BrandE,41930,47786,47,12395,79,3.96,21.72,0,1,5,93
39,Beauty,BrandE,39629,25390,21,18496,23,4.34,6.36,0,0,6,31
32,Home,BrandB,35216,44639,67,43243,28,3.3,3.15,0,0,2,30
24,Sports,BrandD,45359,30045,257,15259,16,2.59,20.65,0,1,1,52
23,Fashion,BrandD,27086,59780,296,39614,37,2.82,4.75,1,0,1,49
32,Fashion,BrandA,45260,47013,12,33839,21,4.79,23.63,1,0,5,60
37,Sports,BrandE,23978,45271,94,55658,79,3.73,9.33,0,1,5,97
12,Beauty,BrandD,6818,57030,212,39033,17,3.63,9.81,1,1,3,69
49,Sports,BrandA,29194,27529,296,9502,37,2.6,0.32,0,1,5,30
13,Beauty,BrandD,20680,35762,288,9007,77,4.32,21.03,0,0,2,84
23,Sports,BrandE,12680,4330,122,40905,19,3.82,3.4,1,1,5,303
25,Sports,BrandC,33502,48561,179,33914,30,3.01,23.19,1,0,4,63
35,Electronics,BrandE,15872,32570,80,34859,45,2.78,14.76,0,1,6,78
41,Fashion,BrandB,30296,49998,105,12216,18,3.46,23.53,0,0,2,39
30,Sports,BrandD,24927,47921,155,51192,78,4.59,17.52,1,0,3,96
17,Sports,BrandD,33790,45642,274,29786,62,4.66,2.47,1,0,4,64
49,Home,BrandB,28599,4153,75,48922,36,4.01,22.97,0,1,4,406
20,Fashion,BrandB,45986,37975,184,31180,84,4.32,2.09,0,1,6,87
48,Home,BrandC,10321,55635,128,52791,52,2.79,14.36,0,1,1,72
25,Fashion,BrandD,6332,57603,297,45359,19,3.97,5.17,1,0,2,56
22,Home,BrandD,13320,44070,289,48466,44,4.17,22.57,0,1,6,78
13,Sports,BrandC,16711,39096,199,39437,7,3.0,27.35,1,1,4,69
19,Sports,BrandA,40390,9028,232,9965,44,4.7,16.62,0,0,3,66
49,Electronics,BrandC,6342,16234,279,49329,68,2.99,15.81,1,0,6,135
36,Home,BrandE,1816,20444,110,54665,34,3.28,22.92,1,1,1,140
12,Beauty,BrandD,46468,20089,25,53421,66,4.05,0.15,1,1,4,135
41,Electronics,BrandB,18008,37020,68,6154,69,4.1,27.53,1,1,6,104
19,Home,BrandE,22505,49870,169,36618,55,4.25,5.92,0,0,2,57
12,Home,BrandD,15706,35710,31,26881,10,2.78,29.52,1,1,1,65
9,Electronics,BrandC,19471,15365,289,16086,96,4.62,22.09,1,0,2,110
7,Sports,BrandE,26099,56170,152,39882,42,3.83,23.23,1,0,2,64
28,Home,BrandD,22556,38565,285,38125,41,3.68,19.69,0,1,2,75
14,Sports,BrandA,1878,9340,168,56799,77,4.95,14.15,0,1,6,259
31,Electronics,BrandA,2019,35416,228,43954,69,4.35,17.15,0,0,1,88
19,Sports,BrandB,22661,26221,276,25027,10,2.8,1.39,0,0,6,20
47,Fashion,BrandD,41203,30749,150,53514,10,4.39,18.72,0,1,6,81
16,Beauty,BrandA,39361,6318,34,54334,91,2.74,18.78,0,1,6,314
5,Home,BrandC,5855,37704,49,21881,60,2.57,26.74,1,1,4,79
35,Beauty,BrandD,9583,56753,279,48362,51,3.51,15.17,1,0,5,78
12,Sports,BrandC,38842,2620,38,22152,21,4.98,2.31,1,0,0,274
25,Home,BrandC,20956,44637,145,38948,8,2.94,9.19,0,1,4,40
21,Sports,BrandA,13824,4888,225,41501,65,4.18,19.67,1,0,1,314
36,Fashion,BrandD,2757,12907,26,34451,92,2.93,7.18,1,0,0,116
23,Electronics,BrandE,27864,938,184,22691,78,4.31,8.42,0,1,0,777
16,Home,BrandA,25472,33672,235,42011,85,3.76,24.61,1,0,0,100
39,Fashion,BrandA,46679,11499,42,10616,30,4.2,17.53,0,1,5,64
45,Fashion,BrandD,27154,6252,74,10843,85,3.01,15.26,1,1,6,120
42,Home,BrandD,15733,29616,120,26555,49,4.36,9.55,0,0,3,60
39,Sports,BrandC,16387,5627,243,16281,9,4.99,21.93,0,0,1,114
14,Fashion,BrandD,29820,28664,152,2607,17,4.16,8.63,0,1,5,36
31,Beauty,BrandC,21308,11864,13,30124,69,3.73,22.11,1,0,5,149
5,Fashion,BrandA,30654,37858,292,24008,58,4.81,2.1,1,1,3,90
35,Sports,BrandB,35273,19771,54,42684,57,2.54,25.94,0,0,0,86
23,Sports,BrandE,28247,54803,9,42205,62,4.32,14.99,0,0,6,72
29,Beauty,BrandA,11360,49109,130,47225,95,4.72,13.16,1,0,3,98
43,Fashion,BrandD,43338,6860,79,37642,52,2.65,18.33,1,1,3,217
11,Sports,BrandE,42656,55240,169,27657,61,3.63,18.73,0,0,5,53
18,Home,BrandB,18656,59392,282,26164,40,3.01,3.96,1,1,1,51
47,Electronics,BrandB,20860,16510,294,49176,38,3.92,22.69,1,1,2,149
12,Electronics,BrandC,18635,5826,81,24349,43,4.12,8.28,1,1,6,172
9,Electronics,BrandE,25851,30709,141,42765,63,3.26,27.15,0,0,3,81
10,Fashion,BrandC,30999,34284,110,27825,19,3.65,24.54,0,1,6,60
44,Beauty,BrandA,47877,46882,99,35458,50,3.2,10.39,1,1,3,73
17,Sports,BrandE,24054,26096,139,6296,33,3.42,24.23,0,0,0,44
38,Home,BrandA,49631,892,72,17074,13,2.9,10.69,1,1,6,611
7,Home,BrandC,20104,51628,151,53850,78,4.71,3.03,1,1,0,95
46,Fashion,BrandE,17423,37113,163,4475,97,2.53,28.86,0,0,5,63
13,Electronics,BrandC,48091,13516,167,28088,62,4.71,19.58,0,1,0,133
40,Fashion,BrandE,9047,39782,193,58964,93,3.93,13.68,0,0,6,108
42,Beauty,BrandC,44783,58294,99,21729,43,3.33,11.93,1,1,4,58
9,Beauty,BrandB,33502,51640,185,19145,49,4.31,9.74,1,1,6,66
50,Sports,BrandC,15062,32830,292,54339,36,3.77,29.44,0,0,3,91
27,Sports,BrandB,7980,40842,191,49174,10,3.75,4.04,0,1,0,47
2,Beauty,BrandC,27172,37168,142,15345,95,2.78,9.44,0,1,1,65
5,Beauty,BrandE,4713,31398,134,31805,6,3.47,14.56,1,1,4,70
29,Beauty,BrandE,10793,11355,198,14368,57,3.1,14.34,1,0,5,85
37,Fashion,BrandE,34941,48597,277,16660,1,2.54,14.14,1,0,2,20
38,Beauty,BrandD,2600,30775,148,12057,71,3.4,5.27,0,0,3,47
19,Home,BrandA,45117,10059,20,37903,58,2.72,4.35,0,0,3,128
8,Electronics,BrandE,28672,37361,249,52496,91,3.14,7.64,1,0,1,100
48,Beauty,BrandB,20632,40279,111,16504,21,2.73,27.44,0,1,2,47
45,Electronics,BrandE,18699,42756,92,50897,92,2.75,3.39,0,0,2,70
1,Fashion,BrandD,37109,52531,133,15326,80,3.0,22.72,0,0,5,54
22,Electronics,BrandB,43465,59891,8,28832,56,5.0,22.73,0,0,5,67
17,Fashion,BrandD,8516,53756,99,8651,87,2.51,24.29,1,1,4,72
7,Home,BrandB,40279,57112,213,7149,20,4.1,26.6,0,1,3,54
25,Fashion,BrandC,37761,33972,229,19765,54,2.85,7.89,1,0,0,48
45,Fashion,BrandA,32381,43281,51,36667,25,4.8,6.74,1,1,5,85
4,Sports,BrandA,17558,15371,185,40236,28,2.73,13.97,0,1,1,118
36,Beauty,BrandD,24972,27748,110,9830,5,4.89,7.95,1,1,1,43
6,Beauty,BrandA,41846,11438,203,24524,21,4.03,22.03,1,1,1,116
31,Home,BrandD,35426,26663,110,42101,18,2.5,19.08,0,0,6,56
19,Home,BrandD,35332,44654,284,52402,47,4.74,26.25,1,0,5,93
44,Beauty,BrandD,36521,7473,264,37693,70,3.8,2.48,1,1,5,223
39,Sports,BrandA,24587,37284,112,32575,57,3.16,27.45,1,1,1,89
27,Beauty,BrandD,13328,30594,23,50448,93,4.42,8.8,1,1,5,129
10,Sports,BrandA,31628,1417,175,6754,19,4.82,14.72,1,1,6,198
26,Home,BrandD,1901,12376,199,34973,97,3.71,13.16,1,0,0,141
19,Electronics,BrandE,20143,5134,16,42521,65,3.29,22.81,1,1,0,307
39,Home,BrandD,15693,50510,199,49217,3,4.47,12.61,1,0,4,47
3,Home,BrandB,27353,38525,287,11532,42,4.2,28.31,0,1,3,59
45,Fashion,BrandD,45364,53860,186,30370,21,4.72,27.08,0,0,0,33
13,Fashion,BrandC,20807,29800,148,49812,99,4.23,26.16,0,1,4,136
50,Fashion,BrandD,37482,5694,186,23552,40,3.11,2.14,1,0,2,165
28,Fashion,BrandB,20111,4934,34,24320,67,4.83,25.63,1,0,3,218
20,Sports,BrandB,44291,4464,88,29007,25,2.76,23.45,1,0,0,216
28,Beauty,BrandA,12450,44649,170,48251,55,3.17,3.11,0,1,6,62
8,Electronics,BrandE,11204,38105,288,2251,84,3.8,3.22,0,0,2,39
41,Home,BrandD,43611,35572,285,48622,52,3.91,3.03,0,1,4,72
39,Sports,BrandA,12367,42915,100,28512,44,2.54,0.34,1,0,0,47
1,Electronics,BrandE,3245,23885,270,14499,98,4.45,16.46,0,0,0,88
3,Sports,BrandD,4366,44142,229,27012,85,3.4,29.2,0,1,5,80
13,Sports,BrandC,32745,58427,46,40320,56,3.52,13.16,1,0,2,70
28,Home,BrandD,45224,52459,250,2149,55,4.52,16.22,0,1,0,69
49,Beauty,BrandB,6318,41853,212,55805,87,3.45,29.04,1,1,1,137
25,Fashion,BrandB,49361,12699,241,58308,70,2.62,7.66,0,1,6,201
33,Beauty,BrandC,30616,37187,26,25126,77,2.94,25.75,1,1,5,84
38,Home,BrandA,15993,3281,189,36127,87,4.89,16.39,1,0,5,424
6,Home,BrandE,28538,52417,246,40977,73,2.68,17.08,1,0,0,69
44,Home,BrandD,20947,3463,287,32251,81,3.39,10.3,1,1,6,338
45,Electronics,BrandB,30931,28074,45,24977,66,3.76,16.85,1,0,5,83
32,Beauty,BrandA,18408,56180,166,57297,19,3.73,2.19,0,0,3,36
45,Beauty,BrandC,29836,39459,164,36189,83,2.51,22.94,1,1,2,98
47,Sports,BrandB,41492,11231,93,59506,7,3.75,8.54,1,0,3,168
21,Sports,BrandC,4525,53258,16,45912,63,3.46,26.63,1,1,4,93
16,Sports,BrandD,20593,26007,77,10337,42,4.93,11.04,1,0,3,69
21,Home,BrandE,6655,31535,80,43958,42,2.9,4.28,0,0,6,57
11,Beauty,BrandB,47107,11764,205,36393,59,3.39,20.88,1,1,1,156
37,Home,BrandB,33987,12012,14,10524,20,3.55,4.94,0,0,5,41
36,Electronics,BrandD,48158,38248,230,27650,73,3.48,22.61,1,0,6,90
35,Sports,BrandA,21463,37645,180,24188,17,4.16,29.04,1,1,5,62
19,Home,BrandE,21436,48637,280,39708,27,3.04,23.39,0,0,1,54
20,Home,BrandB,4926,7176,43,50364,47,3.05,0.67,0,1,5,236
18,Electronics,BrandE,23803,52456,64,915,2,4.32,18.0,0,0,3,22
47,Fashion,BrandB,45780,25265,70,40767,63,3.75,20.86,1,1,4,124
41,Beauty,BrandE,28106,3082,128,12223,62,3.54,24.76,0,1,0,167
49,Fashion,BrandC,48332,50383,168,11064,19,2.92,1.68,1,1,1,24
14,Sports,BrandB,28651,23163,163,3853,17,2.97,14.4,0,1,3,14
15,Home,BrandE,14267,45976,61,24534,69,2.53,16.06,0,1,6,58
31,Electronics,BrandA,11808,34102,82,35174,39,2.73,5.07,1,0,3,65
1,Electronics,BrandC,44745,27045,198,43766,82,3.89,9.67,0,0,3,93
3,Beauty,BrandC,46171,45464,289,35035,71,4.73,13.21,0,1,0,75
16,Fashion,BrandA,25270,27646,19,11100,81,3.22,25.0,1,0,2,70
23,Beauty,BrandE,29072,14862,16,11045,39,3.32,27.88,1,1,5,69
11,Home,BrandD,41948,49854,105,34596,36,2.79,18.85,1,0,5,45
12,Beauty,BrandA,2704,47473,160,20594,40,3.47,11.85,0,0,6,41
10,Electronics,BrandE,27733,9097,129,29599,45,2.59,7.62,0,1,4,117
32,Electronics,BrandA,22229,23035,284,41335,4,4.79,29.46,0,1,6,108
16,Sports,BrandA,31631,45795,114,28929,25,4.18,29.49,0,0,2,57
8,Sports,BrandB,34370,15094,150,52217,69,4.98,27.75,0,0,5,168
38,Home,BrandE,38511,27897,220,6283,30,4.71,23.57,1,1,4,67
12,Fashion,BrandD,39882,22710,166,5597,76,3.68,9.77,0,0,6,55
24,Beauty,BrandB,49567,24823,132,55570,68,3.8,24.51,1,0,4,134
28,Home,BrandA,41975,23087,154,6701,88,2.98,12.26,0,1,3,67
8,Sports,BrandA,47181,3590,40,44581,29,3.66,9.8,1,0,1,407
28,Beauty,BrandA,22107,28469,177,5267,73,4.76,22.35,0,1,3,75
36,Sports,BrandE,25468,44326,26,9971,68,2.63,2.39,0,1,0,47
26,Beauty,BrandE,33898,56091,210,47816,51,4.66,1.46,1,1,5,76
8,Fashion,BrandB,12408,8726,131,12403,24,3.35,13.44,0,0,4,61
50,Home,BrandD,26923,4006,221,14029,14,4.75,13.37,1,0,6,138
28,Beauty,BrandB,44115,34365,100,36209,69,4.85,26.87,0,1,1,101
28,Electronics,BrandC,9671,9977,168,52872,18,4.18,3.78,0,1,6,180
37,Electronics,BrandA,13221,42939,152,6956,42,4.16,3.7,1,0,5,44
41,Beauty,BrandA,49929,48364,22,928,57,3.63,4.42,0,0,4,39
36,Beauty,BrandA,17116,48708,298,25446,83,4.59,0.89,1,0,4,80
27,Beauty,BrandB,43012,15383,199,17378,12,4.9,2.15,0,1,3,52
17,Electronics,BrandB,38958,1370,155,37752,82,4.44,19.8,0,1,1,907
9,Electronics,BrandA,46669,24375,127,58469,17,4.05,12.95,0,0,1,90
33,Beauty,BrandB,8159,18589,191,46732,30,4.02,22.91,0,0,5,114
20,Sports,BrandE,43869,56312,153,46858,88,4.62,29.78,0,0,4,88
13,Sports,BrandE,12204,45235,108,23885,75,3.85,19.77,0,1,1,79
28,Fashion,BrandB,33293,13706,247,34386,99,4.51,1.51,0,1,1,142
48,Home,BrandA,48652,55019,235,12145,23,3.77,3.14,1,0,6,18
29,Sports,BrandB,46973,49236,210,33966,81,2.66,26.43,0,0,5,74
13,Electronics,BrandB,31726,27231,202,3509,1,3.46,15.82,0,1,3,37
46,Sports,BrandB,24352,22339,91,38429,79,3.61,24.75,0,1,6,116
35,Fashion,BrandC,32582,17333,146,42485,32,2.85,25.7,1,0,6,122
6,Fashion,BrandE,23294,56309,203,37247,9,2.76,27.83,1,0,2,47
18,Home,BrandD,41920,35360,50,43518,15,3.84,28.49,0,0,0,74
5,Sports,BrandD,13879,4139,292,35586,28,2.71,16.64,0,1,2,270
47,Electronics,BrandC,7506,32872,19,7091,24,3.26,10.23,0,0,1,41
25,Electronics,BrandB,9182,59897,48,845,60,4.36,28.86,1,1,4,89
2,Beauty,BrandC,34340,36322,173,14629,35,4.91,16.42,0,1,0,60
10,Electronics,BrandC,32930,59547,48,25026,86,4.29,1.93,1,0,0,51
30,Home,BrandA,23591,12277,102,30691,27,4.98,19.28,0,0,4,115
50,Home,BrandE,33483,12463,265,48385,83,4.25,17.63,1,1,0,182
45,Electronics,BrandD,24489,20876,113,38033,76,3.23,26.87,1,0,4,120
5,Electronics,BrandB,10415,45086,287,17276,20,4.18,19.6,0,1,0,55
33,Beauty,BrandD,43052,55182,108,55039,65,4.26,10.47,0,0,6,64
1,Electronics,BrandD,19490,24955,260,40105,85,3.43,28.99,0,0,5,116
18,Beauty,BrandE,25234,41703,210,29164,49,2.54,24.05,0,0,5,59
32,Beauty,BrandD,15324,20696,47,8943,1,4.26,18.91,0,0,2,40
47,Electronics,BrandD,36581,36086,249,32301,10,2.55,8.79,0,1,6,41
49,Fashion,BrandC,11533,21762,291,3110,47,4.08,11.21,0,1,0,38
11,Fashion,BrandE,43236,36631,277,2520,59,2.91,20.1,1,1,3,68
21,Beauty,BrandA,16741,59332,87,52816,96,3.91,2.16,0,0,4,71
26,Electronics,BrandB,6439,36410,114,35989,62,3.76,7.7,0,1,6,65
25,Fashion,BrandD,47964,58263,194,59913,86,2.53,21.42,1,1,0,110
22,Electronics,BrandB,48062,35393,292,52420,18,3.41,14.4,0,1,5,90
27,Electronics,BrandA,35563,36440,255,39350,46,4.0,12.07,0,0,5,64
49,Electronics,BrandB,34964,12405,216,35335,32,4.62,4.54,0,1,4,140
13,Sports,BrandA,11685,44108,295,8165,27,4.72,13.26,0,0,3,37
33,Electronics,BrandC,27545,28747,137,57454,92,3.71,23.12,1,0,0,126
34,Sports,BrandD,45269,11666,205,33139,18,4.32,7.92,1,1,0,121
41,Beauty,BrandA,47618,18074,289,28014,39,3.29,0.16,0,0,3,74
35,Fashion,BrandB,19667,11838,99,44929,49,3.36,20.06,0,1,3,155
1,Fashion,BrandD,36912,51664,282,20283,93,2.99,29.18,1,1,3,99
21,Fashion,BrandC,22125,16635,223,27855,82,3.9,18.2,0,1,5,110
48,Fashion,BrandD,39688,46613,93,39571,44,3.29,3.6,1,1,4,63
6,Fashion,BrandA,27576,58847,76,12897,72,2.71,9.62,1,1,6,69
28,Fashion,BrandC,45105,1189,251,30211,54,4.21,26.03,1,0,3,818
17,Fashion,BrandB,19529,45216,133,16124,95,4.27,6.98,0,1,4,72
5,Beauty,BrandC,23473,22960,216,49521,34,3.4,18.23,0,0,2,101
31,Electronics,BrandC,39621,26769,100,940,71,2.69,12.08,0,1,0,59
5,Home,BrandE,31933,53497,79,53292,36,3.57,6.24,1,1,0,77
38,Sports,BrandC,43809,56933,58,5331,18,3.61,24.4,0,1,1,36
3,Home,BrandC,2432,19975,58,10299,38,4.17,22.28,0,0,2,50
23,Home,BrandD,44754,59749,222,45162,59,3.29,19.85,1,0,6,72
37,Electronics,BrandB,2257,36984,20,25358,9,4.21,7.09,0,0,3,37
37,Electronics,BrandD,31222,53192,103,38545,73,4.68,2.94,0,0,3,56
10,Electronics,BrandD,38353,39878,24,33274,72,3.09,17.28,0,1,6,84
10,Fashion,BrandA,38905,33521,50,37236,51,4.95,16.61,1,1,5,102
19,Beauty,BrandD,1616,52427,197,42610,35,3.47,5.65,0,0,2,29
17,Fashion,BrandE,44027,17699,62,8695,82,3.17,1.69,1,0,3,51
21,Beauty,BrandE,12191,39412,115,25886,5,3.55,2.42,1,0,1,28
14,Beauty,BrandA,992,40872,133,29945,14,2.74,29.78,1,1,4,65
9,Home,BrandB,28382,34422,198,23513,92,2.81,23.51,0,0,0,88
46,Home,BrandB,9311,11325,12,13976,30,3.54,27.66,0,0,2,73
1,Beauty,BrandD,28308,2329,33,20689,4,4.41,5.85,0,1,0,284
45,Beauty,BrandD,24772,11673,116,13446,39,4.75,28.82,1,0,4,95
13,Fashion,BrandD,28899,7559,165,44943,84,4.16,4.28,1,1,2,242
4,Fashion,BrandB,6974,42309,135,19257,64,2.76,15.27,0,1,4,61
1,Home,BrandC,27456,44007,192,28760,25,4.18,24.89,1,1,3,81
49,Electronics,BrandE,47653,46150,167,59566,28,4.09,10.49,0,1,6,84
40,Beauty,BrandC,43006,36746,201,7268,76,4.51,12.74,0,1,3,68
32,Fashion,BrandC,14479,22539,208,36069,66,4.56,3.85,0,0,6,100
34,Home,BrandB,45023,27916,216,19741,78,4.67,3.69,0,0,3,74
28,Fashion,BrandC,43065,53653,113,6780,22,3.54,18.59,0,1,4,33
31,Beauty,BrandA,28828,19645,280,14554,31,4.24,20.27,0,1,4,86
8,Beauty,BrandD,47875,7239,77,57177,23,3.17,23.32,0,0,4,264
39,Sports,BrandA,13367,50222,171,2859,48,5.0,16.7,1,0,0,50
26,Electronics,BrandE,26351,34325,264,27725,20,2.94,19.37,0,1,4,67
34,Sports,BrandD,31779,5586,247,53682,38,2.53,0.41,1,0,3,323
3,Home,BrandC,31027,46413,279,41781,55,2.87,4.87,1,0,1,58
50,Fashion,BrandE,8366,8185,106,5068,68,4.44,29.55,0,1,4,86
12,Home,BrandD,15949,32155,177,34785,79,3.62,2.28,1,0,1,77
1,Beauty,BrandC,11185,47148,175,54345,88,3.62,20.36,1,0,6,105
44,Sports,BrandA,24044,17467,145,27794,89,4.89,5.28,1,0,3,121
5,Sports,BrandD,5951,47865,192,46740,1,4.8,21.5,0,0,4,60
30,Sports,BrandC,22142,29153,90,1930,7,3.28,21.18,0,1,0,31
30,Home,BrandA,41816,11444,56,18217,57,3.02,7.03,0,0,0,85
17,Beauty,BrandE,40454,37802,115,24691,95,4.62,8.09,0,1,6,85
48,Fashion,BrandE,39370,54142,47,2001,12,4.77,19.64,0,0,1,39
47,Fashion,BrandE,31530,52577,215,29310,5,3.85,11.7,1,1,5,49
23,Home,BrandE,31373,12926,204,16627,50,4.07,5.84,1,1,0,94
15,Sports,BrandB,1119,28569,244,35378,42,3.14,21.95,0,0,0,68
37,Electronics,BrandD,34150,23288,119,25166,12,4.5,4.62,1,1,0,69
21,Home,BrandD,25872,14140,30,15604,18,4.08,25.67,1,1,3,83
14,Home,BrandB,4142,32409,81,41575,66,3.76,15.44,1,1,0,113
2,Beauty,BrandC,28501,48488,141,26781,74,2.65,3.17,1,1,2,60
11,Fashion,BrandC,34564,23195,24,25054,79,4.79,20.82,0,1,4,99
39,Home,BrandE,29790,37719,215,28461,94,4.04,15.57,0,0,6,97
38,Home,BrandA,14622,45648,244,19000,17,2.98,8.94,0,1,0,41
34,Sports,BrandC,25320,49608,43,30191,68,4.02,12.68,1,1,5,64
38,Sports,BrandA,3395,1622,272,56848,71,4.19,8.95,1,0,5,1100
50,Electronics,BrandD,5866,52767,211,36225,62,3.81,7.89,0,0,0,41
34,Beauty,BrandA,9211,28226,271,27232,41,4.3,4.91,0,1,0,60
18,Electronics,BrandD,20096,8657,158,7164,95,3.95,10.88,1,0,2,63
30,Sports,BrandB,19293,52898,46,17262,34,4.87,7.53,0,0,0,39
15,Fashion,BrandB,8699,49264,15,42556,70,2.63,20.5,0,0,0,56
27,Sports,BrandE,11217,59018,298,56214,45,2.77,20.52,1,0,4,68
34,Beauty,BrandC,36691,34698,102,48592,58,2.93,15.06,1,0,5,71
38,Sports,BrandE,10711,44095,279,47728,51,4.23,23.34,0,0,2,79
33,Beauty,BrandD,46050,24731,234,43211,34,4.11,25.24,1,1,5,109
24,Beauty,BrandE,23860,10706,224,9383,44,4.73,17.39,0,1,2,92
15,Beauty,BrandA,22042,38401,69,33334,15,4.33,18.57,1,0,5,74
30,Beauty,BrandD,31812,47763,236,760,78,3.77,8.49,1,0,0,59
42,Beauty,BrandB,45742,26639,56,9969,70,4.98,26.85,0,1,5,83
17,Fashion,BrandC,36935,49845,267,23765,50,3.17,0.73,1,0,5,59
5,Electronics,BrandD,28747,21024,271,3595,32,4.58,10.46,0,1,2,34
29,Home,BrandD,22857,23567,158,16023,67,3.57,21.65,1,0,6,65
4,Electronics,BrandA,41545,903,144,13052,3,4.12,2.4,0,1,1,451
10,Beauty,BrandC,28191,17244,55,45343,86,4.32,5.5,1,1,2,167
17,Fashion,BrandB,12924,16599,121,50437,86,4.08,17.68,1,0,2,155
10,Sports,BrandD,19352,29763,50,39291,74,2.85,16.8,0,0,2,78
17,Fashion,BrandD,23101,26044,92,31590,51,3.61,22.17,1,0,3,74
20,Beauty,BrandA,18520,4448,212,32716,67,3.9,24.38,0,0,6,279
24,Fashion,BrandE,8655,40186,273,12662,76,4.62,3.86,1,1,3,83
5,Fashion,BrandB,4083,52433,93,34002,93,3.61,0.55,1,0,3,77
34,Beauty,BrandC,16015,1793,122,20546,48,4.8,20.69,0,1,2,397
6,Fashion,BrandD,37277,15928,58,4711,17,3.6,9.04,1,0,1,27
2,Home,BrandD,20210,21584,120,20482,7,3.87,18.78,1,1,2,59
13,Home,BrandB,43678,25883,122,2855,13,4.49,4.52,0,0,0,19
43,Fashion,BrandE,25032,16734,264,55818,66,3.96,14.07,1,0,1,144
43,Sports,BrandD,19101,6410,79,57181,4,4.9,15.13,0,1,3,293
48,Beauty,BrandB,5467,43200,11,40425,10,4.15,17.55,0,0,5,46
11,Home,BrandA,19253,19959,126,9896,88,3.81,15.4,0,0,5,63
47,Sports,BrandE,20522,36659,15,44159,17,2.56,14.87,1,0,6,52
23,Fashion,BrandC,43963,51689,219,22409,52,3.53,9.98,1,0,4,56
16,Sports,BrandD,9635,34157,283,14027,6,3.25,2.14,0,0,6,13
31,Electronics,BrandB,6222,20843,32,58370,83,4.37,2.69,1,1,1,148
11,Home,BrandA,27913,2803,239,54555,69,3.02,13.01,0,0,3,621
16,Fashion,BrandC,27736,1065,30,36174,96,3.01,10.67,1,1,1,1079
8,Beauty,BrandB,16014,47478,58,33469,74,2.97,15.48,0,0,1,61
4,Fashion,BrandB,44396,45235,33,42693,9,2.81,9.15,0,0,5,33
40,Beauty,BrandC,37712,16803,168,25400,91,3.28,20.64,1,1,2,109
4,Fashion,BrandA,40886,33210,274,50956,77,4.71,25.92,0,1,0,129
25,Sports,BrandA,20831,25176,39,15520,83,4.44,8.97,0,1,4,73
3,Sports,BrandE,18560,13442,290,11591,21,4.34,5.79,1,1,3,67
32,Sports,BrandD,1696,13091,277,35329,24,4.49,3.49,0,1,1,122
3,Electronics,BrandC,12797,37640,212,5969,4,3.17,18.49,0,0,4,24
27,Beauty,BrandC,3287,29601,242,56795,24,4.72,13.32,1,1,1,109
29,Sports,BrandC,24316,55885,97,44580,59,2.84,5.64,0,1,5,57
32,Electronics,BrandA,41195,32701,177,49167,99,3.34,19.59,0,0,0,110
50,Beauty,BrandD,20202,16323,83,9020,3,3.97,4.45,0,0,5,29
19,Fashion,BrandE,25742,3078,114,50289,68,2.76,16.63,0,1,4,533
21,Electronics,BrandB,2676,51057,221,54698,40,4.33,15.81,0,1,3,73
5,Home,BrandB,20627,22072,110,11440,48,3.47,22.03,0,1,1,48
18,Electronics,BrandC,42060,45499,51,36597,54,4.46,1.65,0,0,0,57
28,Electronics,BrandD,27728,39137,185,59265,35,3.73,26.64,0,1,5,94
42,Beauty,BrandA,20708,36203,68,31630,95,2.95,21.09,1,0,4,99
22,Fashion,BrandD,28982,31446,250,57933,56,4.34,6.48,0,0,5,93
21,Home,BrandD,9671,28623,248,17985,89,3.13,5.5,0,0,1,69
6,Sports,BrandA,35719,10567,91,15080,40,3.73,12.95,1,0,1,75
1,Sports,BrandC,33896,41958,221,12060,77,2.69,24.53,0,1,3,76
5,Electronics,BrandD,43089,34424,11,6098,68,4.04,25.29,0,0,0,54
41,Beauty,BrandB,41046,10006,282,56530,46,4.16,15.61,0,0,2,212
12,Beauty,BrandA,4196,40091,214,6229,78,3.45,25.82,0,1,5,58
26,Sports,BrandE,20558,15608,173,56456,13,4.89,0.16,0,0,1,125
46,Home,BrandC,20813,27781,142,29762,27,4.69,1.06,0,1,4,49
34,Fashion,BrandA,19649,51326,234,37386,6,4.27,27.35,1,0,5,58
49,Home,BrandE,46240,37928,165,18151,17,4.28,23.26,1,1,3,70
14,Fashion,BrandE,41575,24086,5,49878,36,3.13,13.52,1,0,3,90
26,Sports,BrandD,5456,47454,240,7637,99,4.14,22.61,1,0,1,72
45,Fashion,BrandD,10695,46106,192,57116,81,3.0,28.67,1,1,1,119
27,Beauty,BrandD,17576,29002,8,40586,2,2.86,23.16,0,0,1,53
9,Electronics,BrandA,1605,56248,136,50399,77,5.0,25.27,0,0,6,88
26,Electronics,BrandA,15917,19912,222,11560,52,4.06,22.82,0,1,2,74
47,Sports,BrandC,25229,36318,264,25842,66,3.58,5.05,0,0,1,75
22,Beauty,BrandD,47456,46767,5,25979,52,3.22,25.01,0,0,5,65
47,Home,BrandE,30599,11398,75,38806,92,4.01,5.85,1,1,5,182
30,Beauty,BrandB,33098,52816,182,45940,43,2.62,26.78,1,1,6,83
43,Electronics,BrandC,30461,5294,193,36608,90,2.74,13.76,0,1,6,264
48,Electronics,BrandA,13102,26225,295,41464,22,2.58,20.31,0,1,0,57
17,Beauty,BrandC,9756,14982,12,48957,55,3.75,14.92,0,1,4,141
26,Beauty,BrandC,21084,49753,257,51442,67,4.0,2.82,1,0,1,72
36,Electronics,BrandC,47480,15034,296,14901,99,2.66,8.72,1,1,5,80
1,Home,BrandC,35181,29879,248,41244,60,4.3,29.51,0,0,6,87
8,Sports,BrandB,26292,7344,127,38411,58,3.08,28.82,1,1,5,207
49,Sports,BrandD,22404,36318,287,46354,12,4.21,9.61,0,0,5,55
35,Beauty,BrandE,43861,48401,36,9697,88,4.95,29.89,1,0,6,96
15,Sports,BrandC,35040,33633,150,41266,69,4.23,25.37,1,1,2,123
47,Electronics,BrandC,27036,44169,160,20875,84,4.71,18.33,0,0,6,78
22,Electronics,BrandC,19664,34387,20,51209,39,4.87,1.2,1,0,6,74
14,Beauty,BrandD,13496,41773,51,41560,13,3.72,27.04,1,1,4,64
26,Beauty,BrandA,3371,53356,255,3925,41,4.26,16.72,0,1,6,36
28,Beauty,BrandA,46502,18075,191,45278,57,4.63,26.05,1,1,3,141
23,Home,BrandB,23126,49183,35,48382,53,3.39,25.03,0,1,6,75
14,Sports,BrandA,11021,55899,264,35928,12,3.15,24.99,1,0,5,49
24,Beauty,BrandC,43910,31626,21,42205,13,4.87,20.95,0,0,1,63
2,Fashion,BrandC,1632,37307,43,47388,74,4.32,8.74,0,0,5,86
45,Fashion,BrandC,33967,18342,43,52580,97,3.05,10.08,1,0,4,140
26,Electronics,BrandB,15034,24693,136,23810,57,3.62,9.25,1,0,3,71
14,Sports,BrandC,24354,45086,34,11454,40,4.49,0.6,0,0,6,41
7,Beauty,BrandA,43498,58558,162,57333,80,3.87,17.48,1,1,2,93
3,Fashion,BrandD,39565,46987,282,27355,45,4.12,20.97,1,0,0,71
47,Sports,BrandD,46107,21888,207,56282,35,4.38,25.62,1,0,6,128
23,Electronics,BrandE,8312,33296,70,44301,3,4.06,4.2,0,0,1,44
46,Home,BrandA,5057,28472,112,3814,5,3.85,16.33,0,1,0,39
43,Sports,BrandC,2679,31557,272,27202,90,4.37,0.24,0,1,2,91
47,Sports,BrandD,44298,11476,226,50468,11,4.32,2.85,1,1,4,158
45,Home,BrandA,9565,33535,296,48828,71,4.07,1.63,1,1,4,100
18,Sports,BrandD,8775,10488,22,20728,56,3.4,21.76,0,0,2,101
38,Electronics,BrandC,48357,6360,94,56265,10,3.51,2.43,0,0,5,268
35,Electronics,BrandD,36448,5178,185,18287,34,4.93,21.49,1,0,2,163
15,Home,BrandE,21200,8910,259,43419,67,2.78,7.49,1,1,6,199
25,Beauty,BrandE,39964,11622,257,36033,72,3.17,26.33,1,0,1,166
37,Fashion,BrandD,42851,36989,261,3874,31,3.73,24.39,1,0,3,34
28,Beauty,BrandA,28294,34040,91,52933,75,4.59,28.73,0,0,6,109
10,Sports,BrandA,29283,40550,94,36098,71,2.91,26.51,1,1,6,88
39,Fashion,BrandA,17498,57684,241,36629,66,3.19,28.0,1,1,6,94
17,Home,BrandD,14369,38863,74,5021,70,2.66,25.76,0,1,0,46
39,Home,BrandA,45025,48875,48,58713,41,4.26,20.8,0,0,0,78
22,Fashion,BrandC,28652,19342,204,31135,63,3.1,5.11,1,0,4,80
26,Electronics,BrandE,21454,11794,156,46672,32,3.47,8.15,0,0,6,132
44,Fashion,BrandC,32055,23123,90,56121,20,3.61,6.38,1,0,5,84
25,Sports,BrandA,17154,34118,23,7799,57,4.73,18.11,1,1,4,73
17,Electronics,BrandC,45526,6441,105,24460,98,3.53,15.11,0,0,1,177
13,Home,BrandA,35736,46749,99,12060,50,2.86,26.01,0,1,2,56
20,Fashion,BrandD,47476,7538,258,11013,80,3.81,28.58,1,0,0,118
25,Beauty,BrandC,15542,52439,34,46970,25,4.91,12.15,0,1,6,82
4,Beauty,BrandD,26466,57728,253,21162,12,4.02,15.19,1,0,1,43
10,Sports,BrandD,48907,3962,37,6501,71,4.96,29.15,1,0,4,120
3,Beauty,BrandB,44814,51190,233,14830,39,4.6,8.29,1,1,4,65
41,Fashion,BrandA,45595,5696,16,14971,17,2.59,23.77,0,1,0,104
45,Fashion,BrandE,14770,45294,122,16775,45,4.15,6.76,1,0,4,46
18,Beauty,BrandA,31408,22864,159,37619,11,3.22,20.44,1,0,5,64
47,Fashion,BrandE,16023,36295,250,42379,70,3.9,7.61,1,0,4,91
36,Sports,BrandA,47568,30957,251,19684,23,3.2,26.51,0,1,3,55
47,Electronics,BrandD,20491,14911,33,23259,91,3.37,16.84,1,0,2,110
22,Sports,BrandC,11275,31153,165,13561,70,4.81,5.58,1,1,4,71
34,Sports,BrandC,12765,5932,239,34134,38,3.02,6.73,1,0,3,203
47,Fashion,BrandB,19959,2917,194,17367,2,4.69,14.82,0,0,1,193
8,Electronics,BrandE,17173,53391,121,6540,86,2.58,28.85,1,0,4,65
40,Fashion,BrandE,27556,24929,275,4265,84,2.73,23.09,1,0,5,70
49,Home,BrandE,7114,14932,262,43894,89,4.64,14.65,0,1,1,165
44,Fashion,BrandD,36520,26313,184,21677,79,4.08,10.13,0,1,6,83
19,Fashion,BrandE,7915,14726,176,51317,93,4.37,16.48,1,0,4,160
42,Fashion,BrandC,23655,54235,278,58173,72,3.02,22.45,1,0,0,111
41,Electronics,BrandD,49930,29254,263,21818,37,3.84,23.52,1,0,3,83
37,Fashion,BrandA,44384,31608,139,23341,49,4.34,9.74,0,1,3,74
6,Electronics,BrandE,17464,52813,175,8066,52,4.07,21.63,0,0,0,42
26,Beauty,BrandE,38226,20310,214,27336,33,3.68,19.73,1,1,2,92
34,Home,BrandA,37544,47346,240,16330,22,4.9,28.77,0,1,6,60
45,Electronics,BrandE,38044,40305,190,20756,5,4.19,27.93,1,1,5,76
6,Beauty,BrandA,32752,7731,99,8082,18,4.77,23.68,1,1,3,91
37,Electronics,BrandD,4332,48274,15,56439,38,4.32,21.7,0,0,1,68
